									
1	1	ENGLISH	CHINESE WORD/WORDS	Cartoon name (SWF)	MP4		PINYIN		
1	2	YOU 	NI	You(ni)_rev.swf	You(ni)1.mp4		nǐ​		
1	3	GOOD	HAO 	GOOD (HAO).swf	Good(h_o)_rev.mp4		​hǎo​		
1	4	HELLO, GREETINGS	NI HAO , NIHAO	HELLO, GREETINGS (NI HAO).swf	HELLO_GREETINGS(ni_hao)_rev_1.mp4	HELLO, GREETINGS,(ni hao)_rev.mp4	nǐ ​hǎo ​		
1	5	QUESTION TAG, QUESTION	MA 	QUESTION TAG (MA).swf	QUESTION TAG (MA).mp4		ma​		
1	6	HOW ARE YOU?	NI HAO MA , NIHAO	How Are You (nihaoma).swf	How_Are_You(nihaoma).mp4		nǐ ​hǎo ​ma​		
1	7	I, ME	WO 	I(wo)2RotateEye_rev.swf	I(wo)2RotateEye_rev.mp4		wǒ​		
1	8	VERY 	HEN 	Very - hen.swf	very(hen)1.mp4		hěn​		
1	9	I’M FINE 	WO HEN HAO	I'M FINE (WO HEN HAO).swf	I_M FINE(wo hen hao)_rev.mp4	IM_FINE(wo_hen_hao)_rev.mp4	wǒ​ hén​ hǎo		
1	10	WHICH 	NA 	Which - na.swf	Which-na.mp4		nǎ​		
1	11	COME 	LAI	COME (LAI).swf	Come(lai)_rev.mp4	Come(lái)1.mp4	lái​		
1	12	CHINESE MILE, INSIDE, PLACE	LI 	Chinese mile, Inside, place(li)_rev.swf	Chinese mile, Inside, place(li)_rev.mp4		lǐ​		
1	13	SINCE, FROM	CONG 	SINCE, FROM (CONG).swf	Since, From(cong)-NOSOUND.mp4	Since, From(cong)1_rev.mp4	cóng​		
1	14	WHERE ARE YOU FROM?	NI CONG NA LI LAI , NI CONG NALI LAI	WHERE ARE YOU FROM (NI CONG NA LI LAI).swf	Where_Are_You_From(nǐ cóng nǎ lǐ lái).mp4		nǐ​ cóng​ nǎ​ lǐ​ lái​		
1	15	NEGATIVE PREFIX	BU 	Negative prefix (bù).swf	Negative prefix(no bù)1_rev.mp4		bù​		
1	16	WILL, CAN 	HUI 	Will or Can - Hui.swf	Will(hui)1.mp4		huì​		
1	17	SAY, SPEAK	SHUO 	Say (shuo).swf	Say(shuo)1_rev.mp4		shuō​ 		
1	18	CHINESE	HUA 	Chinese-adj (hua).swf	Chinese-adj(hua)2fla.mp4		huá​		
1	19	LANGUAGE	YU 	Language, words(yu)_rev.swf	Language, words(yu)_rev.mp4		yǔ​		
1	20	CHINESE (LANGUAGE)	HUA YU	Chinese Language (hua yu).swf	Chinese_(language)(hua_yl)_rev.mp4		huá​ yǔ​ 		
1	21	I DO NOT SPEAK CHINESE	WO BU HUI SHUO HUA YU , WO BU HUI SHUO HUAYU	I Do not speak chinese (wo bu hui shuo hua yu).swf	I Do not speak chinese (wo bu hui shuo hua yu).mp4		wǒ​ bù​ huì​ shuō​ huá​ yǔ​		
1	22	HIGHEST 	TAI 	Highest, Greatest (tai).swf	highest_greatest_(tai_tger)_rev_2.mp4		tài​ 		
1	23	TALK, SAY, BE CALLED	JIANG 	Talk, say, be called (jiang).swf	Talk_say_be_called(jiang)_rev.mp4	Talk, say, be called(jiang).mp4	jiǎng​ 		
1	24	I DO NOT SPEAK MUCH CHINESE	WO BU TAI HUI JIANG HUA YU , WO BU TAI HUI JIANG HUAYU , WO BU TAI HUI SHUO HUA YU, WO BU TAI HUI SHUO HUAYU	I Do not speak much chinese (wo bu tai hui jiang hua yu ma).swf	I Do not speak much chinese (wo bu tai hui jiang hua yu ma).mp4		wǒ​ bù tài​ huì​ jiǎng​ huá​ yǔ​		
1	25	KNOW, UNDERSTAND 	DONG	Know, understand (dong).swf	Know, understand(dong)1_rev.mp4		dǒng​ 		
1	26	WHAT 	SHEN ME , SHENME	What(shen me)_rev.swf	What(shen me)-b_rev_1-NOSOUND.mp4	What(shen me)2.mp4	shěn​ me		
1	27	I DO NOT UNDERSTAND WHAT YOU ARE SAYING	WO BU DONG NI SHUO SHEN ME , WO BU DONG NI SHUO SHENME	I do not understand what you are saying.swf	I do not understand what you are saying.mp4		wǒ​ bù dǒng​ nǐ​ shuō​ shén​ me		
1	28	PLEASE, INVITE	QING 	Please, invite.swf	Please, invite.mp4		qǐng​		
1	29	ALLOW , LET	RANG 	ALLOW (RANG).swf	allow(rang)_rev.mp4		ràng​		
1	30	LOOK 	KAN 	look(kan)_rev.swf	look(kan)_rev.mp4		kàn​		
1	31	PLEASE LET ME HAVE A LOOK	QING RANG WO KAN KAN , QING RANG WO KANKAN	Please Let me have a look (qing rang wo kan kan).swf	Please Let me have a look (qing rang wo kan kan).mp4		qǐng​ ràng​ wǒ​ kan4 kan4		
2	33	ARRIVE, TO	DAO	ARRIVE (DAO).swf	Arrive_To_Till(dao)2_rev.mp4		dào​		
2	34	BRING, TAKE (TO SOMEWHERE)	DAI 	Bring take (to somewhere) dai.swf	Bring_take(to_somewhere)_dai_rev.mp4		dài​		
2	35	THIS	ZHE	This (zhe).swf	This(zhe)1.mp4		zhè​ 		
2	36	 PLEASE TAKE ME TO HERE (SHOWS ADDRESS WRITTEN OUT)	QING DAI WO DAO ZHE LI	Please take me to here (qing dai wo dao zhe li).swf	Please take me to here (qing dai wo dao zhe li).mp4		qǐng​ dài​ wǒ dào​ zhè​ lǐ​		
2	37	ASK	WEN	Ask (wèn).swf	Ask (wèn).mp4		wèn​		
2	38	MAY I ASK	QING WEN	May I Ask (qing wen).swf	May I Ask (qing wen).mp4		qǐng​ wèn​		
2	39	WRITE	XIE	Write(xie)_rev.swf	Write(xie)_rev.mp4		xiě​		
2	40	GO OUT	CHU	Go_out(chu)_rev.swf	GO(qu)_rev.mp4	GO(qu)_rev1.mp4	chū​		
2	41	COME OUT	CHU LAI	Come out (chu lai).swf	Come_out(chu lai).mp4		chū​ lái​		
2	42	PLEASE WRITE IT OUT	QING NI XIE CHU LAI	Please write it out (qing ni xie chu lai).swf	Please write it out (qing ni xie chu lai).mp4		qǐng nǐ​ xiě​ chū​ lái​		
2	43	GIVE 	GEI	Give (gei).swf	Give(gei)_rev.mp4		gěi​		
2	44	THING (UNIT)	GE     	thing (unit) (ge).swf	thing(unit)(ge)1.mp4		gè​		
2	45	I WANT THIS PLEASE	QING NI GEI WO ZHE GE	I Want This Please (qing ni gei wo zhe ge).swf	I Want This Please (qing ni gei wo zhe ge).mp4		qǐng nǐ​ gěi​ wǒ zhè​ gè​		
2	46	AGAIN 	ZAI	again(zai)1_rev.swf	again(zai)1_rev.mp4		zài​		
2	47	SEE	JIAN	See(jiàn).swf	See(jian)_rev.mp4		​jiàn​		
2	48	GOODBYE	ZAIJIAN	GOODBYE (zaijian).swf	GOODBYE_(zai_jian)1_rev.mp4		zài​jiàn​		
2	49	POINT	ZHI	Point (zhi).swf	Point(zhi)1_rev.mp4		zhǐ​		
2	50	PLEASE POINT OUT	QING ZHI CHU	Please point out (qing zhi chu).swf	Please point out (qing zhi chu).mp4		qǐng zhi3 chū​ 		
2	51	AT	ZAI  	AT (ZAI).swf	At(Zai4)2_rev.mp4		zài​ 		
2	52	WHERE IS...	ZAI NA LI...	Where Is(zai na li).swf	Where_Is(zai na li).mp4		…..zài​ nǎ​ lǐ​		
2	53	THANK YOU	XIE XIE	Thank you (xie xie).swf	thank_you(xie_xie)-NOSOUND.mp4		xiè​ xie​		
2	54	GUEST, CUSTOMER	KE	Customer, visitor, guest (kè).swf	customer_ visitor_ guest(kè)1_rev.mp4	customer_visitor_guest(ke).mp4	kè​		
2	55	GAS, AIR	QI	Gas, air (qi).swf	gas, air(qi)_rev.mp4		​qi​		
2	56	POLITE	KE QI	polite(ke qi)1_rev.swf	polite(ke qi)1_rev.mp4		kè​ qi 		
2	57	YOU'RE WELCOME	BU KE QI	You're welcome (bu ke qi).swf	You_re welcome (bu ke qi).mp4		bù​ kè ​qi​		
2	58	Possessive Particle like 's (apostrophe s)	DE	Possessive Particle like 's (der).swf	Possessive Particle like _s (der).mp4		De		
2	59	MY	WO DE	My - wo de.swf	My-wo_de.mp4		wǒ​ de​ 		
2	60	WORD	ZI 	Word (zi)	Word(zi)1.mp4		zì​		
2	61	NAME	MING + ZI	Name - Ming + zi.swf	Name-Ming+zi.mp4		míng​ + zì​		
2	62	IS	SHI	Is (shi).swf	Is(shi)1_rev.mp4		shì​		
3	64	MY NAME IS...	WO DE MING ZI SHI	My Name Is (wo de ming zi shi).swf	My Name Is (wo de ming zi shi).mp4		wǒ​ de​ míng​ zì​ shì​…..		
3	65	CAN, POSSIBLY	KE	Can_kě​.swf	Can_kě​.mp4		kě​		
3	66	CAN, ABLE TO	NENG	CAN ABLE TO (NENG).swf	CAN ABLE TO_Néng.mp4		​néng​		
3	67	MAYBE	KE NENG	MAYBE (KE NENG).swf	MAYBE(ke_neng)1_rev.mp4		kě​ néng​		
3	68	NO, or NOT	BU SHI	Negative prefix (bù)	Negative prefix(no bù)1_rev.mp4		bù ​shì​		
3	69	YES	SHI DE	Yes (shi de).swf	Yes (shi de).mp4		shì​ de		
3	70	LIKE	XI HUAN	LIKE (XI HUAN).swf	LIKE(xi huān)_rev2.mp4		xǐ​ huān​		
3	71	I DON'T LIKE	WO BU XI HUAN, WO BU XIHUAN	I Don't Like (wo bu xi huan).swf	I Don_t Like (wo bu xi huan).mp4		wǒ​ bù xǐ​ huān​		
3	72	I AM	WO SHI	I Am (wo shi).swf	I Am (wo shi).mp4		wǒ shì​		
3	73	I AM FROM	WO CONG... LAI	I Am From (wo cong).swf	I Am From (wo cong..mp4		wǒ cóng​…… lái​.		
3	74	ENGLISH (Part of a word)	YING	English(Ying)1_rev.swf	English(Ying)1_rev.mp4		Yīng​		
3	75	COUNTRY	GUO	country (guo).swf	country(guo)1_rev.mp4		​guó​		
3	76	HUMAN, PEOPLE, PERSON	REN	Human,people, person (REN).swf	Human_people(person_wern)_rev.mp4		​rén​		
3	77	BRITISH	YING GUO REN	British (ying guo ren).swf	British (ying guo ren).mp4		Yīng​ guó ​rén​		
3	78	BEAUTIFUL, PRETTY	MEI	Beautiful, pretty (Mei).swf	beautiful_pretty(Mei)_rev_1.mp4	beautiful, pretty(Mei)_rev.mp4	Měi​		
3	79	AMERICAN	MEI GUO REN	American (mei guo ren).swf	American (mei guo ren).mp4		Měi ​guó ​rén		
3	80	CENTER or MIDDLE/ CHINA	ZHONG	Center or Middle (zhong).swf	Center or Middle (zhong).mp4		Zhōng​		
3	81	CHINESE (People)	ZHONG GUO REN	Chinese People (zhong guo ren).swf	Chinese_People (zhong guo ren).mp4		Zhōng​ guó ​rén​		
3	82	BEAUTIFUL	MEI LI	BEAUTIFUL (MEI LI).swf	BEAUTIFUL(mei li).mp4	BEAUTIFUL(mei_li)_rev.mp4	měi​ lì​		
3	83	KIND	SHAN LIANG	kind (shan liang).swf	kind(shan_liang)_rev.mp4		shàn ​liáng​		
3	84	KIND	SHAN 	Kind - Shan.swf	Kind-Shan.mp4		shàn​		
3	85	GOOD	LIANG	Good - Liang.swf	Good-Liang.mp4		​liáng​		
3	86	BIG	DA 	BIG (DA).swf	Big(da)1_rev.mp4		dà​		
3	87	SQUARE (adj.)	FANG	SQUARE adj.swf	SQUARE adj.mp4		fāng​		
3	88	GENEROUS	DAFANG	GENEROUS (dafang).swf	GENEROUS(da_fang)_rev.mp4		dà​fāng​		
3	89	LEFT (DIRECTION)	ZUO 	LEFT (direction) (zuo).swf	LEFT (direction) (zuo)1_rev2.mp4		zuǒ​		
3	90	RIGHT	YOU	RIGHT(you).swf	RIGHT(you)2_rev.mp4		yòu​		
3	91	UP	SHANG	UP(shang)_rev.swf	UP(shang)1.mp4		shàng​		
3	92	DOWN, UNDER, AFTER	XIA	DOWN (xia).swf	DOWN(xia)_rev.mp4		xià​		
3	93	ELECTRIC, ELECTRICITY, ELECTRICAL	DIAN	Electric, electricity, electrical(dian).swf	Electric, electricity, electrical(dian)_rev.mp4		diàn		
4	95	WORDS (said)	HUA	Words(said)(hua)_rev.swf	Words(said)(hua)_rev.mp4		huà​ 		
4	96	PLEASE SPEAK ON MY PHONE	QING ZAI WO DE DIAN HUA SHANG JIANG	Please speak on my phone (qing zai wo dedian hua shang jiang).swf	Please speak on my phone (qing zai wo dedian hua shang jiang).mp4		qǐng​ zài​ wǒ​ de diàn ​huà​ shàng​ jiǎng​		
4	97	MAKE A NOUN PLURAL	MEN	Make a noun plural (men).swf	Make a noun plural (men).mp4		men		
4	98	WE	WO MEN	We (wo men).swf	We (wo men).mp4		wǒ ​men​		
4	99	NEED	XU	Need - xu.swf	Need - xu.mp4		xū​ yào​		
4	100	WANT	YAO	WANT(yao)_rev.swf	WANT(yao)3-NOSOUND.mp4		yào​		
4	101	LESS	SHAO	LESS (sho).swf	LESS_(sh_o)_rev.mp4		​shǎo​		
4	102	BUY	MAI	Buy (mi).swf	Buy(m_i)_rev.mp4		mǎi​		
4	103	CAN, TO BE ABLE	KE YI	Can, to be able (ke yi).swf	Can, to be able(ke yi)_rev.mp4		kě ​yǐ​		
4	104	YOU (PLURAL)	NI MEN	You_plural (ni men).swf	You_plural (ni men).mp4		nǐ​ men​		
4	105	GO	QU	GO (qu).swf	GO(qu)_rev.mp4	GO(qu)_rev1.mp4	qù​		
4	106	ELECTRIC	DIAN	Electric, electricity, electrical(dian).swf	Electric, electricity, electrical(dian)_rev.mp4		diàn		
4	107	MAIL	YOU	Mail - you.swf	Mail-you.mp4		yóu​		
4	108	EMAIL  	DIAN YOU	Email (dian_you).swf	Email(dian_you)_rev.mp4		diàn​ yóu​		
4	109	EARTH, GROUND	DI	Land, Earth (di).swf	Land, Earth(di)_rev.mp4		dì​		
4	110	LOCATION	ZHI	Location - zhi.swf	Location-zhi.mp4		zhǐ		
4	111	ADDRESS	DI ZHI	ADDRESS (DI ZHI).swf	Address(dìzh)_rev.mp4		dì​ zhǐ​ 		
4	112	EMAIL ADDRESS	DIAN YOU DI ZHI	Email Address - dian you di zhi.swf	Email_Address-dian_you_di_zhi.mp4		diàn ​yóu​ dì​ zhǐ​		
4	113	WEB	WANG 	Web - Wang.swf	Web-Wang.mp4		wǎng		
4	114	INTERNET	WANG LUO	Internet - Wang lou.swf	Internet-Wang_lou.mp4		wǎng ​luò​		
4	115	BUS  	BA SHI	BUS (ba shi).swf	BUS(ba shi)_rev.mp4		bā ​shì​		
4	116	STAND, STATION	ZHAN	Stand Station (zhan).swf	Stand_Station(zhan)_rev.mp4		zhàn​		
4	117	BUS STATION	BA SHI ZHAN	Bus Station (ba shi zhan).swf	Bus Station (ba shi zhan).mp4		bā ​shì​ zhàn​		
4	118	LAND, EARTH	DI  	Land, Earth (di).swf	Land, Earth(di)_rev.mp4		dì​		
4	119	METAL	TIE	metal (tie).swf	metal(tie)_rev.mp4		tiě​		
4	120	SUBWAY	DI TIE	SUBWAY (di tie).swf	Ainm_SUBWAY(di_tie)_rev.mp4		dì ​tiě​		
4	121	SUBWAY STATION	DI TIE ZHAN	Subway Station (di tie zhan).swf	Subway Station (di tie zhan).mp4		dì ​tiě​ zhàn​		
5	123	FIRE	HUO	Fire (huo).swf	Fire(huo)_rev.mp4		huǒ​		
5	124	CAR, VEHICLE	CHE	car vehicle (che).swf	car_vehicle(che)_rev.mp4		chē​		
5	125	TRAIN	HUO CHE	TRAIN(huo che).swf	TRAIN(huo che)_rev.mp4		huǒ​ chē​		
5	126	TRAIN STATION	HUO CHE ZHAN	Train Station - huo che zhan.swf	Train_Station-huo_che_zhan.mp4		huǒ​ chē​ zhàn​		
5	127	TAXI	DE SHI	TAXI(de_shi)_rev.swf	TAXI(de_shi)_rev_1-NOSOUND.mp4		dé​ shì​		
5	128	TAXI STAND	DE SHI ZHAN	Taxi Stand (de shin zhan).swf	Taxi Stand (de shin zhan).mp4		dé​ shì​ zhàn​		
5	129	BANK NOTE, TICKET	PIAO	BANK NOTE, TICKET (PIAO).swf	Bank note, ticket(piao)_rev.mp4		piào​		
5	130	TICKET	CHE PIAO	Ticket - Che piao.swf	Ticket-Che_piao.mp4		chē​ piào​		
5	131	LORRY	LUO LI	LORRY (luo li).swf	LORRY(luo_li)_rev.mp4		luó​ lǐ​		
5	132	MOTORBIKE	MO TUO CHE	Motorbike (mo tou che).swf	Motorbike (mo tou che).mp4		mó ​tuō ​chē​		
5	133	STEAM, VAPOR	QI	steam (qi).swf	steam(qi)_rev.mp4		qì​		
5	134	CAR 	QI CHE	CAR (qi che).swf	CAR(qi_che)_rev.mp4		qì ​chē​		
5	135	FLY	FEI	Fly (fei).swf	Fly(fei)_rev.mp4		fēi​		
5	136	MACHINE	JI	machine (ji).swf	machine(ji)_rev_1.mp4		​jī​		
5	137	PLANE	FEI JI	Plane (Fei Ji).swf	Plane (Fei Ji).mp4		fēi ​jī​		
5	138	OPEN SPACE, FIELD	CHANG	Field(chang)_rev.swf	Field(chang)_rev.mp4		​chǎng​		
5	139	AIRPORT	JI CHANG	Airport - Ji chang.swf	Airport-Ji_chang.mp4		jī​ chǎng​		
5	140	THREE	SAN	THREE(san).swf	THREE(san)_rev_1-NOSOUND.mp4	three(san)-NOSOUND.mp4	sān​		
5	141	WHEEL	LUN	wheel(lun)_rev.swf	wheel(lun)_rev_1-NOSOUND.mp4		​lún​		
5	142	TRISHAW	SAN LUN CHE	Trishaw (san lun che).swf	Trishaw (san lun che).mp4		sān ​lún​ chē​		
5	143	LEG	JIAO	Leg - Jiao.swf	Leg-Jiao.mp4		jiǎo​		
5	144	STEP	TA	step(ta).swf	step(ta)_rev.mp4		tà​		
5	145	BICYCLE	JIAOTACHE	BICYCLE(jiotache).swf	BICYCLE(ji_o_ta_che)_rev.mp4		jiǎo​tà​chē​		
5	146	TRAVEL	XING	Travel - xing.swf	Travel-xing.mp4		xíng​		
5	147	PLUM	LI	PLUM(li).swf	PLUM(li)_rev.mp4		lǐ​		
5	148	LUGGAGE	XING LI	Luggage - Xing li.swf	Luggage-Xing_li.mp4		xíng​ lǐ​		
5	149	COMPANY, CONTROL	SI	Company, Control - si.swf	Company,_Control-si.mp4		sī​		
5	150	DRIVER	SI JI	DRIVER (si ji).swf	DRIVER(si_ji)_rev.mp4		sī​ jī​		
5	151	TURN	ZHUAN	Turn (zhuan).swf	Turn (zhuan).mp4		zhuǎn​		
5	152	TURN LEFT	ZHUAN ZUO	Turn Left (zhuan zuo).swf	Turn Left (zhuan zuo).mp4		zhuǎn​ zuǒ​		
6	154	TURN RIGHT	ZHUAN YOU	Turn Right (zhuan you).swf	Turn Right (zhuan you).mp4		zhuǎn​ yòu​		
6	155	STRAIGHT	ZHI	Straight(zhi)1.swf	Straight(zhi)1.mp4		zhí​ 		
6	156	WALK, LEAVE, MOVE	ZOU	Walk, Leave, Move - Zou_rev.swf	Walk_leave_move(vehicle)_zu-NOSOUND.mp4		zǒu​		
6	157	GO STRAIGHT	ZHI ZOU	GO STRAIGHT(zhi zou).swf	GO STRAIGHT(zhi zou)_rev.mp4		zhí​ zǒu​		
6	158	BEHIND, BACK	HOU	Behind(hou).swf	Behind(hou)_rev.mp4		hòu​		
6	159	RETREAT, MOVE BACK, WITHDRAW	TUI	Retreat, move back, withdraw(tui).swf	Retreat_move back_withdraw(tui)_rev.mp4		​tuì​		
6	160	GO BACK	HOU TUI	Go Back (hou tui).swf	Go Back (hou tui).mp4		hòu tuì​		
6	161	COW	NIU	Cow(niu).swf	Cow(niu)_rev.mp4		niú​		
6	162	MILK	NAI	Milk - nai.swf	Milk-nai.mp4		​nǎi​		
6	163	MILK	NIU NAI	MILK (niu ni).swf	MILK_(niu_ni)_rev.mp4		niú​ nǎi​		
6	164	CHEESE	ZHI SHI	CHEESE(zhi shi).swf	CHEESE(zhi shi).mp4		zhī​ shì​		
6	165	TEA	CHA	TEA(cha).swf	TEA(cha)_rev_1-NOSOUND.mp4		chá​		
6	166	COFFEE	KA FEI	COFFEE(ka fei).swf	COFFEE(ka fei)_rev.mp4		kā ​fēi​		
6	167	ONE	YI 	one(yi).swf	one(yi)_rev.mp4		yī​		
6	168	CUP, GLASS	BEI	cup, glass(bei).swf	cup_glass(bei)_rev.mp4		bēi​		
6	169	A CUP OF..	YI BEI	A Cup of (yi bei).swf	A Cup of (yi bei).mp4		yī​ bēi​		
6	170	DRINK (Something)	HE	DRINK(SOMETHING).swf	DRINK(SOMETHING)(he)_rev.mp4		hē​		
6	171	COLD	LENG	COLD(leng).swf	COLD(leng)_rev.mp4		lěng​		
6	172	HOT	RE	Hot - re.swf	Hot-re.mp4		rè​		
6	173	EAT	CHI	EAT(chi)_rev.swf	EAT(chi)_rev.mp4		chī​		
6	174	CLIMB, CRAWL, SNATCH	PA	Climb, Crawl, Snatch - pa.swf	Climb,_Crawl,_Snatch-pa.mp4		​pá		
6	175	STEAK	NIU PA	STEAK(niu pa).swf	STEAK(niu pa)_rev.mp4		niú ​pá		
6	176	HUNGRY	E 	HUNGRY(e).swf	HUNGRY(e)_rev.mp4		è​		
6	177	FULL	BAO	FULL(bao).swf	FULL(bao)_rev.mp4		bǎo​		
6	178	PIG	ZHU	Pig(zhu).swf	Pig(zhu)_rev.mp4		zhū​		
6	179	MEAT	ROU	meat(rou).swf	meat(rou)_rev.mp4		ròu​		
6	180	PORK	ZHU ROU	Pork (zhu rou).swf	Pork (zhu rou).mp4		zhū ​ròu​		
6	181	BEEF	NIU ROU	Beef (niu rou).swf	Beef (niu rou).mp4		niú​ ròu​		
6	182	SALAD	SHA LA	SALAD(sha la).swf	SALAD(sha la)_rev.mp4		shā ​lā​		
6	183	CHICKEN 	JI	CHICKEN(ji).swf	CHICKEN(ji)_rev.mp4		jī​		
7	185	FISH	YU	FISH(yu).swf	FISH(yu)_rev.mp4		yú​		
7	186	FISH (To eat)	YU ROU	Fish to eat (yu rou).swf	Fish_to eat (yu rou).mp4		yú​ ròu​		
7	187	RICE	FAN	RICE(fan).swf	RICE(fan)_rev.mp4		fàn​		
7	188	SANDWICH	SAN WEN ZHI	SANDWICH(san wen zhi).swf	SANDWICH(san wen zhi)_rev.mp4		sān ​wén​ zhì​		
7	189	WEST 	XI 	Western_West (xi).swf	Western_West (xi).mp4		xī​		
7	190	MEAL	CAN	meal food(can).swf	meal_food(can)_rev.mp4		cān​		
7	191	WESTERN FOOD	XI CAN	Western Food(xi can).swf	Western Food(xi can).mp4		xī​ cān​		
7	192	DAY, SUN	RI	Day, Sun - Ri.swf	Day,_Sun-Ri.mp4		Rì 		
7	193	ORIGIN, SOURCE, COUNTER FOR BOOKS	BEN	Origin source(ben).swf	Origin_source_(ben)1_rev.mp4		běn		
7	194	JAPAN, JAPANESE	RI BEN	Japan Japanese(Ri_ben).swf	Japan_Japane_se(Ri_ben)_rev.mp4		Rì ​běn		
7	195	JAPANESE FOOD	RI BEN CAN	Japanese Food (Ri ben can).swf	Japanese Food (Ri ben can).mp4		Rì ​běn​ cān​		
7	196	CHINESE FOOD	ZHONG CAN	Chinese Food (Zhong Can).swf	Chinese Food (Zhong Can).mp4		Zhōng ​cān​		
7	197	BEER, WINE, LIQUOR	JIU	beer wine liquor(jiu).swf	beer_wine_liquor(jiu)_rev.mp4		jiǔ​		
7	198	SHOP	DIAN	shop(dian).swf	shop(dian)-NOSOUND.mp4		diàn​		
7	199	HOTEL	JIU DIAN	HOTEL (jiu dian).swf	HOTEL(jiu dian)_rev.mp4		jiǔ​ diàn​		
7	200	PLATFORM, STAGE	TAI	Platform, stage(tai).swf	Platform, stage(tai)_rev.mp4		tái​		
7	201	SLEEP	SHUI	sleep(shui)_rev.swf	sleep(shui)_rev.mp4	sleep(shui)_rev.mp4	shuì​		
7	202	ROOM	FANG	room(fang).swf	room(fang)_rev.mp4		fáng​		
7	203	BEDROOM	SHUI FANG	Bedroom (shui fang).swf	Bedroom (shui fang).mp4		shuì ​fáng​		
7	204	BED 	CHUANG	Bed (chuang).swf	Bed (chuang).mp4		chuáng​​		
7	205	SINGLE, ONLY, SOLE	DAN	Single, Only, Sole - Dan.swf	Single,_Only,_Sole-Dan.mp4		​dān​		
7	206	BED SHEET	CHUANG DAN	BED SHEET(chuang dan).swf	BED_SHEET(chuang_dan)_rev.mp4		chuáng​ dān​		
7	207	WASH	XI	wash (xi).swf	wash(xi)_rev_1-NOSOUND.mp4		xǐ​		
7	208	BATH	ZAO	bath(zao).swf	Bath-yu.mp4		zǎo​		
7	209	SHOWER	XI ZAO	SHOWER(xi zao).swf	SHOWER(xi zao)_rev.mp4		xǐ​ zǎo​		
7	210	WASH	XI 	wash(xi).swf	wash(xi)_rev_1.mp4		xǐ​		
7	211	BATH	ZAO	bath(zao).swf	bath(zao)_rev.mp4		zǎo​		
7	212	BATH 	YU	Bath - yu.swf	Bath-yu.mp4		yù​		
7	213	JAR	GANG	Jar - gang.swf	Jar-gang.mp4		​gāng​		
7	214	BATH TUB	YU GANG	BATH_TUB_(yu_gang).swf	BATH_TUB_(yu_gang)1_rev.mp4		yù​ gāng​		
8	216	BASIN	PEN	Basin - pen.swf	BASIN_(lin_pen)_rev1.mp4		​pén​		
8	217	GENTS	NAN CE	Gents (Nan ce).swf	Gents_(Nan_ce)_rev1.mp4		nán ​cè​		
8	218	LADIES	NU CE	Ladies (nu ce).swf	Ladies_(nu_ce)2_rev.mp4		nǚ​ cè​		
8	219	TOILET	CE 	toliet (ce).swf	TOILET(ce_su)_rev_2.mp4		cè		
8	220	PAPER	ZHI	paper(zhi).swf	paper(zhi)_rev.mp4		zhǐ​		
8	221	TO DEFEND	CE ZHI	To Defend - ce zhi.swf	To_Defend-ce_zhi.mp4		cè zhǐ​		
8	222	TO GUARD, TO DEFEND	WEI	To Guard, To Defend - Wei.swf	To_Guard,_To_Defend-Wei.mp4		Wèi​		
8	223	COTTON	MIAN	Cotton - mian.swf	Cotton-mian.mp4		​mián​		
8	224	FUR	MAO	fur(mao).swf	fur(mao)_rev.mp4		máo​		
8	225	TOWEL	JIN	Towel - Jin.swf	Towel-Jin.mp4		​jīn​		
8	226	TOWEL	MAO JIN	TOWEL(mao jin).swf	TOWEL(mao_jin)_rev.mp4		máo​ jīn​		
8	227	HAIR	FA	Hair (fa).swf	Hair (fa).mp4		fà​		
8	228	DOSE, DOSAGE	JI 	Dose, Dosage - Ji.swf	Dose,_Dosage-Ji.mp4		​jì​		
8	229	SHAMPOO	XI FA JI	SHAMPOO(xi fa ji).swf	SHAMPOO(xi fa ji)_rev1.mp4		xǐ ​fà ​jì​		
8	230	FAT	FEI	Fat (fei).swf	Fat (fei).mp4		féi​		
8	231	SOAP	FEI ZAO	SOAP(fei zao).swf	SOAP(fei zao)_rev.mp4		féi​ zào​		
8	232	TOOTH	YA 	tooth(ya).swf	tooth(ya)rev.mp4		yá​		
8	233	OINTMENT, PASTE	GAO	ointment, paste(gao).swf	ointment, paste(gao)_rev.mp4		​gāo​		
8	234	TOOTHPASTE	YA GAO	TOOTHPASTE(ya gao).swf	TOOTHPASTE(ya_gao)_rev_2-NOSOUND.mp4		yá ​gāo​		
8	235	BRUSH	SHUA	brush(shua)_rev_1.swf	brush(shua)_rev_1.mp4		​shuā​		
8	236	TOOTHBRUSH	YA SHUA	Toothbrush (Ya Shua).swf	Toothbrush (Ya Shua).mp4		yá​ shuā​		
8	237	TO FIT, TO SUIT	SHI	to fit, to suit(shi).swf	to_fit_to_suit(shi)_rev_1-NOSOUND.mp		shì​		
8	238	TO JOIN, TO FIT, TO MATCH	PEI	to join, fit, match(pei).swf	to_join_fit_match(pei)_rev_1-NOSOUND.mp4		​pèi​		
8	239	DEVICE, TOOL	QI	device tool(qi).swf	device_tool(qi)_rev.mp4		qì​		
8	240	ADAPTOR	SHI PEI QI	ADAPTOR (SHI PEI QI).swf	ADAPTOR(shi pei qi)_rev1.mp4		shì​ pèi​ qì​		
8	241	SHAVE	TI	shave(ti).swf	shave(ti)_rev.mp4		tì​		
8	242	KNIFE, BLADE	DAO	knife, blade(dao).swf	knife, blade(dao)_rev.mp4		dāo​		
9	244	RAZOR	TI DAO	RAZOR (ti dao).swf	RAZOR_(ti_dao)_rev.mp4		tì​ dāo​		
9	245	BOX	XIANG	BOX(he zi).swf	BOX(he_zi)_rev.mp4		​xiāng​		
9	246	PRESS	AN	press(an).swf	press(an)_rev1.mp4		àn​		
9	247	RUB	MO	rub(mo).swf	rub(mo)_rev.mp4		​mó​		
9	248	MASSAGE	AN MO	MASSAGE(an mo).swf	MASSAGE(an_mo)_rev.mp4		àn ​mó​		
9	249	HALL	TING	hall(ting).swf	hall(ting)_rev1.mp4		 tīng​		
9	250	RESTAURANT	CAN TING	RESTAURANT(can ting).swf	RESTAURANT(can_ting)_rev.mp4		cān ​tīng​		
9	251	PERSON	SHENG	person(sheng)_rev.swf	person(sheng)_rev.mp4		shēng​		
9	252	WAITER	DAI YING SHENG	Waiter (dai ying sheng).swf	Waiter (dai ying sheng).mp4		dài​ yìng​ shēng​		
9	253	EARLY, MORNING	ZAO	Early morning (zao).swf	Early morning (zao).mp4		zǎo		
9	254	BREAKFAST	ZAO CAN	Breakfast (zao can).swf	Breakfast (zao can).mp4		zǎo ​cān​		
9	255	NOON	WU 	Noon (wu).swf	Noon (wu)1.mp4		wǔ​		
9	256	LUNCH	WU CAN	LUNCH(wu can).swf	LUNCH(woo_can)_rev.mp4		wǔ​ cān​		
9	257	DOWN, AFTER	XIA	DOWN (xia).swf	DOWN(xia)_rev.mp4		xià​		
9	258	LATE AFTERNOON	XIA WU	late afternoon(xia wu).swf	late_afternoon(xia_w)_rev_1-NOSOUND.mp4		xià ​wǔ​		
9	259	TEA TIME	XIA WU CHA	TEA TIME (xia wu cha).swf	TEA_TIME(as_in_afternoon_tea)(xia_w_cha)_rev_1-NOSOUND.mp4		xià​ wǔ​ chá​		
9	260	NIGHT	WAN	night(WAN).swf	night(WAN)_rev.mp4		wǎn		
9	261	DINNER	WAN CAN	DINNER(wan can).swf	DINNER(wn_can)_rev.mp4		wǎn ​cān​		
9	262	TOILET (Not used alone in daily conversation)	CE	toliet(ce)_rev_1.swf	toliet(ce)_rev_1-NOSOUND.mp4		cè​		
9	263	TOILET	CE SUO	TOILET (ce suo).swf	TOILET(ce_su)_rev_2-NOSOUND.mp4		cè ​suǒ​		
9	264	WHERE IS THE TOILET	CE SUO ZAI NA LI	Where is the toilet - ce suo zai na li.swf	Where_is_the_toilet-ce_suo_zai_na_li.mp4		cè​ suǒ​ zài​ nǎ ​lǐ​		
9	265	TABLE	ZHUO	Table - Zhuo.swf	Table-Zhuo.mp4		zhuō​		
9	266	NOUN SUFFIX	ZI	noun_suffix(zi)_rev.swf	noun_suffix(zi)_rev.mp4		zi		
9	267	TABLE	ZHUO ZI	TABLE (zhuo zi).swf	TABLE(zhuo_zi)_rev.mp4		zhuō​ zi​		
9	268	CHAIR	YI	Chair - Eagle.swf	Chair-Eagle.mp4		yǐ​		
10	270	WHEEL + CHAIR	YI ZI	CHAIR(yi_zi)_rev.swf	CHAIR(yi_zi)_rev.mp4		yǐ​ zi​		
10	271	BOWL	WAN	BOWL_(w_n)_rev.swf	BOWL_(w_n)_rev.mp4		wǎn​		
10	272	PLATE	PAN	PLATE(pan)_rev.swf	PLATE(pan)_rev.mp4		pán​		
10	273	FORK	CHA	FORK(cha)_rev.swf	FORK(cha)_rev.mp4		chā​		
10	274	KNIFE	DAO	knife, blade(dao).swf	knife,_blade(dao)_rev.mp4		dāo​		
10	275	SOUP	TANG	soup(tang)_rev.swf	soup(tang)_rev.mp4		tāng​		
10	276	SPOON	CHI	spoon(chi)_rev.swf	spoon(chi)_rev.mp4		​chí​		
10	277	SPOON	TANG CHI	SPOON(tāng chí).swf	SPOON(tang_chi).mp4		tāng ​chí​		
10	278	CHOPSTICKS	KUAI	Chopsticks - Kuai.swf	chopsticks(kuai)_rev.mp4		kuài​		
10	279	CHOPSTICKS	KUAI ZI	chopsticks(kuai Z)_rev.swf	Chopsticks-Kuai.mp4		kuài​ zi​		
10	280	BILL PLEASE	QING NI GEI WO ZHANG DAN	Bill Please (qing ni gei wo zhang dan).swf	Bill Please (qing ni gei wo zhang dan).mp4		qǐng​ nǐ​ gěi​ wǒ​ zhàng​ dān​		
10	281	ICE	BING	Ice(bing)_rev.swf	Ice(bing)_rev.mp4		bīng​		
10	282	MODAL PARTICLE	BA	BAR (BA).swf	BAR(ba)_rev1.mp4		​bā​		
10	283	BAR	JIU BA	BAR(ji_ba)_rev.swf	BAR(ji_ba)_rev.mp4		jiǔ​ bā​ 		
10	284	BEER	PI 	Beer - Pi.swf	Beer-Pi.mp4		pí		
10	285	BEER	PI JIU	Beer(pi_ji)_rev.swf	Beer(pi_ji)_rev.mp4		pí​ jiǔ		
10	286	CAN, MAY, ABLE TO, CERTAIN	KE 	CAN (KE).swf	Can_kě​.mp4		kě		
10	287	HAPPY	LE	Happy - Le.swf	Happy-Le.mp4	Happy-kuai_le.mp4	lè 		
10	288	COCA COLA	KE LE	Coca_Cola(ke_le)_rev.swf	Coca_Cola(ke_le)_rev.mp4		kě​ lè		
10	289	WHITE	BAI  	WHITE (bai).swf	WHITE(bai)_rev_1-NOSOUND.mp4		bái​		
10	290	WATER	SHUI	Water (Shui).swf	Water_Shui3-NOSOUND.mp4		shuǐ​		
10	291	WATER	BAI KAI SHUI	Water (bai kai shu)1.swf	Water(bai kai shu)_rev_1-NOSOUND.mp4		Bǎi ​shì ​kě ​lè​		
10	292	WHISKY	WEI SHI JI	Whisky (wei shi ji).swf	Whisky(wei_shi_ji)2-NOSOUND.mp4		wēi​ shì ​jì​ or WEIGH SHIRt JEAns		
10	293	PEPSI COLA	BAI SHI KE LE	someone buying a shirt with curler on his head (looking ridicule)	Pepsi_Cola-bai_shi_ke_le.mp4		Bǎi ​shì ​kě ​lè​		
10	294	A BEER /COKE /WATER PLEASE	QING GEI WO PI JIU/ KE LE/ BAI KAI SHUI	A beer, coke, water please - qing gei wo pi jiu, ke le, bai kai shui.swf	A_beer,_coke,_water_please-qing_gei_wo_pi_jiu,_ke_le,_bai_kai_shui.mp4		qǐng​ gěi​ wǒ pí​ jiǔ​ / kě​ lè​ / bái​ kāi​ shuǐ​		
11	296	A DRINK	YIN LIAO	A_DRINK(yn_liao)_rev.swf	A_DRINK(yn_liao)_rev.mp4		yǐn​ liào​		
11	297	BOTTLE	PING ZI	BOTTLE_(ping_zi)_rev.swf	BOTTLE_(ping_zi)_rev.mp4		píng​ zi		
11	298	ALREADY	YI	ALREADY (YI).swf	already_yl1_rev.mp4		yǐ 		
11	299	MARRIAGE	HUN	marriage(hun)_rev.swf	marriage(hun)_rev.mp4		​hūn​		
11	300	MARRIED	YI HUN	MARRIED(y_hun)1.swf	MARRIED(y_hun)1.mp4		yǐ​ hūn​		
11	301	BODY	SHEN	Body - Shen.swf	Body-Shen.mp4		​shēn​		
11	302	SINGLE (AS IN NOT MARRIED)	DAN SHEN	SINGLE (NOT_MARRIED)(dan_shen)_rev.swf	SINGLE (NOT_MARRIED)(dan_shen)_rev_1-NOSOUND.mp4		dān ​shēn​		
11	303	BODY	SHEN TI	Body(shEn_t)1_rev.swf	Body(shEn_t)1_rev.mp4		​shēn​ tǐ		
11	304	TO DO, TO MAKE	ZUO	To do, make (zuo).swf	To do, make (zuo).mp4	To_do_make(zuo)-NOSOUND.mp4	​zuò​		
11	305	WORK	GONG ZUO	Work (gong zuo).swf	Work (gong zuo).mp4		gōng ​zuò​		
11	306	TO PASS, TO SPEND TIME	DU 	to pass spend time (du).swf	to_pass_pend_time(du)_rev_1-NOSOUND.mp		dù​		
11	307	VACATION, FAKE	JIA	Vacation, Fake - Jia.swf	Vacation,_Fake-Jia.mp4		​jià​		
11	308	HOLIDAY, VACATION	DU JIA	HOLIDAY_VACATION(du_jia)1_rev.swf	Rev_1_HOLIDAY_VACATION(du_jia)1_rev.mp4		dù ​jià​		
11	309	LEARN	XUE	Learn(xue)_rev2.swf	Learn(xue)_rev2.mp4		xué​		
11	310	STUDENT	XUE SHENG	STUDENT(xue_sheng)_rev.swf	STUDENT(xue_sheng)_rev.mp4		xué​ sheng​		
11	311	BUSINESS	SHENG YI	Business(sheng_yi)_rev.swf	Business(sheng_yi)_rev.mp4		shēng​ yì​​		
11	312	BUSINESSMAN	SHENG YI REN	BUSINESSMAN(sheng_yi_ren)_rev.swf	BUSINESSMAN(sheng_yi_ren)_rev.mp4		shēng​ yì​​ rén​		
11	313	HOME, FAMILY	JIA	home_family(jia)_rev1.swf	home_family(jia)_rev1.mp4		jiā​		
11	314	COURT, COURTYARD	TING	court_courtyard(ting)_rev_2.swf	court_courtyard(ting)_rev_2.mp4		​tíng​		
11	315	TO OWN, TO HOST, MASTER, LORD, PRIMARY	ZHU	to_own_to_host_master_lord(primary_zh)_rev.swf	to_own_to_host_master_lord(primary_zh)_rev.mp4		​zhǔ​		
11	316	WOMAN	FU	woman (fu).swf	woman(fu)_rev_1-NOSOUND.mp4		​fù​		
11	317	HOUSEWIFE	JIA TING ZHU FU	HOUSEWIFE(jia_ting_zh_fu)_rev1.swf	HOUSEWIFE(jia_ting_zh_fu)_rev1.mp4		jiā ​tíng​ zhǔ ​fù​		
11	318	YOU ARE BEAUTIFUL	NI HEN MEI LI	You Are Beautiful (ni hen mei li).swf	You_Are_Beautiful_(ni_hen_mei_li).mp4		nǐ​ hěn​ měi​ lì​		
11	319	FOLLOW	GEN	Follow(geng)1_rev.swf	Follow(geng)1_rev.mp4		gēn		
11	320	JUMP	TIAO	Jump(tiao)_rev.swf	Jump(tiao)_rev.mp4		tiào​ 		
11	321	DANCE	WU	Dance(w).swf	Dance(w).mp4		wǔ		
11	322	DANCE	TIAO WU	Dance(tiao_w)_rev.swf	Dance(tiao_w)_rev.mp4		tiào​ wǔ​ 		
11	323	CAN YOU DANCE ME?	NI KE YI GENG WO TIAO WU MA	Can You Dance With Me (ni ke yi geng wo tiao wu ma).swf	Can You Dance With Me (ni ke yi geng wo tiao wu ma).mp4		nǐ​ ké​ yǐ​ gēng​ wǒ​ tiào​ wǔ​ ma​		
12	325	YOUNGER SISTER	MEI MEI	YOUNGER SISTER (mei mei).swf	YOUNGER_SISTER(mei_mei)-NOSOUND.mp4		mèi​ mei​		
12	326	ELDER SISTER	JIE JIE	ELDER_SISTER(jie_jie)_rev.swf	ELDER_SISTER(jie_jie)_rev.mp4		jiě​ jie​		
12	327	YOUNGER BROTHER	DI DI	YOUNGER BROTHER (di di).swf	YOUNGER BROTHER(di_di)_rev_1-NOSOUND.mp4		dì​ di​		
12	328	ELDER BROTHER	GE GE	ELDER_BROTHER(ge_ge)_rev.swf	ELDER_BROTHER(ge_ge)_rev.mp4		gē​ ge​		
12	329	DAD	BA BA	DAD(ba_ba)_rev.swf	DAD(ba_ba)_rev.mp4		bà​ ba​		
12	330	MUM	MA MA	MUM(ma_ma)_rev.swf	MUM(ma_ma)_rev.mp4		mā ​ma​		
12	331	GRANDAD	YE YE	GRANDAD(ye_ye)_rev.swf	GRANDAD(ye_ye)_rev.mp4		yé​ ye​		
12	332	GRANDMA	NAI NAI	GRANDMA(ni_nai)1_rev.swf	GRANDMA(ni_nai)1_rev.mp4		nǎi​ nai​		
12	333	SON, CHILD	ER	son_child(er)_rev_1.swf	son_child(er)_rev_1-NOSOUND.mp4	son_child(er)_rev_1-NOSOUND.mp4	ér​		
12	334	SON 	ER ZI	SON(ér_zi)_rev1.swf	SON(ér_zi)_rev1.mp4	SON(ér_zi)_rev1.mp4	ér​ zi​		
12	335	FEMALE	NU	FEMALE(nu)_rev.swf	Female(nu).mp4		nǚ​		
12	336	DAUGHTER	NU ER	DAUGHTER(n_er)_rev.swf	DAUGHTER(n_er)_rev.mp4		nǚ​ ér​		
12	337	FRIEND	PENG 	Friend - Peng.swf	Friend-Peng.mp4		péng​		
12	338	FRIEND	YOU	friend(you).swf	friend(you).mp4		yǒu​		
12	339	FRIEND	PENG YOU	FRIEND(peng_you)_rev.swf	FRIEND(peng_you)_rev.mp4		péng​ yǒu​		
12	340	BOYFRIEND	NAN PENG YOU	Boyfriend (nan peng you).swf	Boyfriend (nan peng you).mp4		nán ​péng​ yǒu​		
12	341	GIRLFRIEND	NU PENG YOU	Girlfriend - nu peng you.swf	Girlfriend-nu_peng_you.mp4		nǚ​ péng​ yǒu​		
12	342	SCHOOL	XIAO	School - Xiao.swf	School-Xiao.mp4		​xiào​		
12	343	SCHOOL	XUE XIAO	School - zue xiao.swf	School-zue_xiao.mp4		xué​ xiào​		
12	344	OLD	LAO	old(lao)_rev.swf	old(lao)_rev.mp4		lǎo​		
12	345	GRANDMOTHER, MATRON, MOTHER-IN-LAW	PO	Grandmother, matron, mother in law - Po.swf	Grandmother,_matron,_mother_in_law-Po.mp4		pó​		
12	346	WIFE	LAO PO	WIFE(lo_po)_rev_1.swf	WIFE(lo_po)_rev_1-NOSOUND.mp4		lǎo​ pó​		
12	347	JUST, UPRIGHT, RIGHTEOUS, GRANDFATHER	GONG	Grandfather, just, upright, righteous.swf	Grandfather,_just,_upright,_righteous.mp4		gōng​		
12	348	HUSBAND	LAO GONG	HUSBAND(lo_gong)_rev.swf	HUSBAND(lo_gong)_rev.mp4		 lǎo​ gōng​		
12	349	MALE	NAN	MALE(nan)_rev.swf	MALE(nan)_rev.mp4		nán​		
12	350	FEMALE	NU	FEMALE(nu)_rev.swf	FEMALE(nu)_rev.mp4		nǚ​		
12	351	CHILD	HAI 	Child - Hai.swf	Child-Hai.mp4		hái​		
12	352	CHILD	HAI ZI	Child(hai_z)_rev.swf	Child(hai_z)_rev.mp4		hái ​zǐ		
12	353	BOY	NAN HAI ZI	Boy - nan hai zi.swf	Boy-nan_hai_zi.mp4		nán​ hái ​zǐ		
12	354	GIRL	NU HAI ZI	Girl (nu hai zi).swf	Girl (nu hai zi).mp4		nǚ ​hái ​zǐ​		
13	356	BUY	GOU	Buy - Gou.swf	Buy-Gou.mp4		gòu​		
13	357	THINGS	WU	things(wu)_rev.swf	things(wu)_rev.mp4		wù​		
13	358	CENTER, MIDDLE, CHINA	ZHONG	Center or Middle (zhong).swf	Center_or_Middle_(zhong).mp4		​zhōng​		
13	359	HEART	XIN	Heart(xin)_rev.swf	Heart(xin)_rev.mp4		xīn​		
13	360	SHOPPING CENTER	GOU WU ZHONG XIN	SHOPPING_CENTRE(gou _wu_zhong_xin)_rev.swf	SHOPPING_CENTRE(gou _wu_zhong_xin)_rev_1-NOSOUND.mp4		gòu ​wù ​zhōng ​xīn​		
13	361	MANY, MUCH	DUO	many_much(duo)_rev.swf	many_much(duo)_rev.mp4		duō 		
13	362	LITTLE, LESS	SHAO	little_less(sh_o)_rev_1.swf	little_less(sh_o)_rev_1.mp4		​shǎo​		
13	363	MANY, MUCH	DUO SHAO	How_much(duo _sho)_rev.swf	How_much(duo _sho)_rev.mp4		duō ​shǎo​		
13	364	MONEY	QIAN	money(qian)_rev.swf	money(qian)_rev.mp4		qián​		
13	365	OTHER, ANOTHER	LING	other_another(lìng)_rev.swf	other_another(lìng)_rev.mp4		lìng​		
13	366	ANOTHER ONE (ALTERNATIVE)	LING YI GE	ANOTHER (LING YI GE).swf	ANOTHER(lìng yi_ge)_rev.mp4		lìng​ yí​ gè​		
13	367	TO LEAVE	BIE	to_leave(bie).swf	to_leave(bie)-NOSOUND.mp4		bié​		
13	368	OTHERS	BIE DE	OTHERS(bie_de)_rev.swf	OTHERS(bie_de)_rev.mp4		bié​ de​		
13	369	PEN	BI	PEN(b)_rev.swf	PEN(b)_rev.mp4		bǐ​		
13	370	GIFT	LI WU	Gift (li wu).swf	Gift (li wu).mp4		lǐ​ wù​		
13	371	AGE, ERA, RECORD	JI	Jesus marked the beginning of the modern ERA, the modern AGE and the beginning of RECORDs. The downward movement indicates falling tone.	Age,_Era,_Records-Ji.mp4		jì​		
13	372	THINK OF	NIAN	Think of - nian.swf	Think_of-nian.mp4		niàn​		
13	373	BOX	HE ZI	BOX (he_zi).swf	BOX(he_zi)_rev.mp4		hé ​zi​		
13	374	BAG	DAI ZI	BAG (DAI).swf	bag(daai)_rev.mp4		dài​ or DIE, zi		
13	375	PAPER BAG	ZHI DAI	PAPER_BAG(zh_dai)_rev.swf	PAPER_BAG(zh_dai)_rev.mp4		zhǐ​ dài​		
13	376	PLASTIC	SU LIAO	Plastic (su liao).swf	Plastic (su liao)-no sound.mp4		sù​ liào​		
13	377	PLASTIC BAG	SU LIAO DAI	a suit wearing leech sucking the blood of the owl and dies	Plastic_Bag-su_liao_dai1.mp4		sù​ liào ​dài​		
13	378	BEAD, PEARL	ZHU 	Pearl, Bead - zhu.swf	Pearl,_Bead-zhu.mp4		zhū​		
13	379	A JEWEL, GEM, A TREASURE	BAO	A jewel, gem, a treasure - bao.swf	A_jewel,_gem,_a_treasure-bao.mp4		bǎo​		
13	380	DIAMOND	ZUAN	Diamond - zuan.swf	Diamond-zuan.mp4		zuàn​		
13	381	STONE	SHI	Stone - shi.swf	Stone-shi.mp4		shí​		
14	383	HAND	SHOU	Hand(shu)_rev1.swf	Hand(shu)_rev1.mp4	Hand(Shou).mp4	shǒu​		
14	384	EXPENSIVE	GUI	EXPENSIVE(gui)_rev.swf	EXPENSIVE(gui)_rev.mp4		guì​		
14	385	ADVANTAGEOUS, CHEAP	PIAN	Advantageous, Cheap - Pian.swf	Advantageous,_Cheap-Pian.mp4		pián ​		
14	386	CHEAP	PIAN YI	CHEAP(pian_yi)_rev.swf	CHEAP(pian_yi)_rev.mp4		pián ​yí​		
14	387	TO BREAK	ZHE	To break - Zhe.swf	to_break(zhe)-NOSOUND.mp4		zhé​​		
14	388	DISCOUNT	ZHE KOU	DISCOUNT(zhe_kou)_rev.swf	DISCOUNT(zhe_kou)_rev.mp4		zhé ​kòu​		
14	389	SALE, TO SELL, MARKET	XIAO SHOU	SALE(xiao_shou)_rev.swf	SALE(xiao_shou)_rev.mp4		xiāo ​shòu​		
14	390	TO DELIVER, TO TURN OVER	JIAO	To deliver, to turn over - Jiao.swf	To deliver_turn over(jiao)_rev.mp4		jiāo​		
14	391	CHANGE, EASY, SIMPLE	YI	Change, easy, simple - yi.swf	Change,_easy,_simple-yi.mp4		yí​		
14	392	TRANSACTION	JIAO YI	Transaction - jiao yi.swf	Transaction-jiao_yi.mp4		jiāo ​yì​		
14	393	TO RECEIVE, TO ACCEPT, TO COLLECT	SHOU	To receive, to accept, to collect - shou.swf	To_receive,_to_accept,_to_collect-shou.mp4		shōu​		
14	394	RECEIPT 	SHOU JU	RECEIPT(shou ju)_rev.swf	RECEIPT(shou ju)_rev.mp4		shōu ​jù​		
14	395	DEPOSIT	DING JIN	Deposit (ding jin).swf	Deposit (ding jin).mp4		dìng ​jīn​		
14	396	FUNDS	KUAN	Funds - kuan.swf	Funds-kuan.mp4		kuǎn​		
14	397	REFUND	TUI KUAN	REFUND(tui_ku_n)_rev.swf	REFUND(tui_ku_n)_rev.mp4		tuì​ kuǎn​		
14	398	CURRENCY EXCHANGE	WAIHUI	Currency_Exchange(wai_hui)_rev.swf	Currency_Exchange(wai_hui)_rev.mp4		wài​huì​		
14	399	CORRECT	DUI	Correct(duì)_rev.swf	Correct(duì)_rev.mp4		duì​		
14	400	CHANGE 	HUAN	change (huan).swf	change (huan).mp4		huàn​		
14	401	BOOK	SHU	BOOK(shu)_rev.swf	BOOK(shu)_rev.mp4		shū​		
14	402	BOOKSTORE	SHU JU	BOOKSTORE(shu_ju)_rev.swf	BOOKSTORE(shu_ju)_rev.mp4		shū​jú​		
14	403	MIX	ZA	Mix - za.swf	Mix-za.mp4		zá​		
15	405	MAGAZINE	ZA ZHI	Magazine (za shi).swf	Magazine (za shi).mp4		zá ​zhì​		
15	406	MAP	DI TU	MAP(di tu)_rev.swf	MAP(di tu)_rev.mp4		dì ​tú​		
15	407	PLAY	WAN 	play(wan)_rev.swf	play(wan)_rev.mp4		wán​		
15	408	TOOL, DEVICE, EQUIPMENT	JU	device tool(qi).swf	device_tool(qi)_rev.mp4		​jù​		
15	409	TOY	WAN JU	TOY (wan ju).swf	TOY(wan_ju)_rev_1-NOSOUND.mp4		wán ​jù​		
15	410	BRAIN	NAO	Brain(n_o)_rev.swf	Brain(n_o)_rev.mp4		​nǎo​		
15	411	COMPUTER	DIAN NAO	COMPUTER(dian_nao)_rev.swf	COMPUTER(dian_nao)_rev.mp4		diàn​ nǎo​		
15	412	MOBILE PHONE	SHOU JI	mobile_PHONE(mobile_PHONE)_rev.swf	mobile_PHONE(mobile_PHONE)_rev.mp4		shǒu ​jī​		
15	413	SHIRT	YI FU	SHIRT(yi_fu)_rev.swf	SHIRT(yi_fu)_rev.mp4		yī​ fú​		
15	414	SKIRT	QUN ZI	SKIRT(qun_zi)_rev.swf	SKIRT(qun_zi)_rev_1-NOSOUND.mp4	SKIRT(qun_zi)_rev_1-NOSOUND.mp4	qún ​zi​		
15	415	SHORTS 	KU ZI	Shorts - ku zi.swf	Shorts-ku_zi.mp4		kù ​zi​		
15	416	SHOES	XIE ZI	SHOE(xie_zi)_rev.swf	SHOE(xie_zi)_rev.mp4		xié​ zi​		
15	417	SOCKS	WA ZI	SOCKS(wa_zi)_rev.swf	SOCKS(wa_zi)_rev.mp4		wà​ zi​		
15	418	TALL	GAO	Tall (gao).swf	Tall(gao)_rev_1-NOSOUND.mp4		gāo​		
15	419	HIGH HEELS	GAO GEN XIE	High Heels - gao gen xie.swf	High_Heels-gao_gen_xie.mp4		gāo​ gēn​ xié​		
15	420	FLAT, LEVEL, EQUAL	PING	Flat - ping.swf	Flat-ping.mp4		píng​		
15	421	UNDER, BOTTOM	DI 	Under, bottom - di.swf	Under,_bottom-di.mp4		​dǐ​		
15	422	FLATS (SHOE)	PING DI XIE	Flat (shoe) - ping di xie.swf	Flat(shoe)-ping_di_xie.mp4		píng​ dǐ​ xié​		
15	423	CARRY	TI	carry(ti).swf	carry(ti).mp4		tí​		
15	424	ATM	TI KUAN JI	ATM (TI KUAN JI).swf	ATM(ti_ ku_n ji)_rev1.mp4		tí ​kuǎn​ jī​		
15	425	COLOR, FACE	YAN	Color, face - yan.swf	Color,_face-yan.mp4		yán​		
15	426	COLOUR	YAN SE 	COLOUR(yan_se)_rev.swf	COLOUR(yan_se)_rev.mp4		yán ​sè​		
15	427	RED	HONG	Red (Hong)_revised.swf	Red (Hong)_revised.mp4		hóng​		
16	429	BLUE	LAN	BLUE(lan)_rev.swf	BLUE(lan)_rev.mp4		lán​		
16	430	YELLOW	HUANG	YELLOW (huang).swf	YELLOW(huang)-NOSOUND.mp4		huáng​		
16	431	PINK	FEN HONG	PINK(fen_hong).swf	PINK(fen_hong)_rev.mp4		fěn​ hóng​		
16	432	WHITE	BAI	WHITE (bai).swf	WHITE(bai)_rev_1-NOSOUND.mp4		bái​		
16	433	GREY	HUI	GREY(huI).swf	GREY(huI)rev.mp4		huī​		
16	434	BLACK	HEI	BLACK(hei).swf	BLACK(hei)_rev.mp4		hēi​		
16	435	ORANGE	CHENG	ORANGE(cheng).swf	ORANGE(cheng)_rev.mp4		chéng​		
16	436	GREEN	QING	GREEN(qing).swf	GREEN(qing)1rev.mp4		qīng​		
16	437	BROWN	HE 	BROWN(he).swf	BROWN(he)_rev.mp4		hè​		
16	438	SICK	BING	Sick - Bing1.swf	Sick-Bing1		​bìng​		
16	439	ILL	SHENG BING	ill (sheng bing).swf	ill (sheng bing).mp4		shēng ​bìng​		
16	440	HOT, BURN	SHAO	Hot-Burn(shao).swf	Hot-Burn(shao)_rev.mp4		shāo​		
16	441	FEVER	FA SHAO	FEVER(fa_shao).swf	FEVER(fa_shao)_rev.mp4		fā​ shāo​		
16	442	HEAD	TOU 	Head(tou).swf	Head(tou)_rev.mp4		tóu​		
16	443	PAIN	TONG	pain(tong).swf	pain(tong)_rev.mp4		​tòng​		
16	444	HEADACHE	TOU TONG	HEADACHE(tou_tong).swf	HEADACHE(tou_tong)1_rev.mp4		tóu ​tòng​		
16	445	COUGH	KE	COUGH_verb(ke).swf	COUGH_verb(ke_sou)_rev.mp4		ké​ 		
16	446	COUGH	KE SOU	COUGH(ke sou).swf	COUGH(ke_sou)_rev.mp4	COUGH(ke_sou)_rev.mp4	sòu​		
16	447	STOMACH	DU ZI	stomach(du).swf	stomach(du)_rev.mp4		dù​ zzz		
16	448	STOMACHACHE	DU ZI TONG	Stomachache(du zi tong).swf	Stomachache(du zi tong).mp4		dù​ zi​ tòng​		
16	449	FAINT	YUN	Faint - yun.swf	Faint-yun.mp4		yūn​		
16	450	MEDICAL, TO CURE	YI	Medical, to cure - yi.swf	Medical,_to_cure-yi.mp4		yī​		
16	451	COURTYARD, INSTITUTION	YUAN	Courtyard, Institution - yuan.swf	Courtyard,_Institution-yuan-nosound.mp4		​yuàn​		
16	452	HOSPITAL	YI YUAN	Hospital - Yi yuan.swf	Hospital-Yi_yuan		yī​ yuàn​		
16	453	SAVE	JIU	Save, Rescue (Jiu).swf	Save, Rescue (Jiu).mp4		jiù​		
16	454	INJURE	SHANG	Injuries - Shang.swf	Injuries-Shang.mp4		shāng		
16	455	AMBULANCE	JIU SHANG CHE	Ambulance (jiu shang che).swf	Ambulance (jiu shang che).mp4		jiù​ shāng​ chē​		
17	457	DOCTOR	YI SHENG	Doctor (Yi Sheng).swf	Doctor (Yi Sheng).mp4		yī​ shēng​		
17	458	PROTECT	HU	Protect(hu).swf	Protect(hu)_rev.mp4		hù​		
17	459	PERSON	SHENG	person(sheng).swf	person(sheng)_rev.mp4		shēng​		
17	460	NURSE	HU SHI	Nurse (hu shi).swf	Nurse (hu shi).mp4		hù​ shì​		
17	461	PATIENT	BING REN	Patient (bing ren).swf	Patient (bing ren).mp4		bìng ​rén​		
17	462	OPERATION	SHOU SHU	Operation (shou shu).swf	Operation (shou shu).mp4		shǒu​ shù​		
17	463	HURRY	JI	Hurry - Ji.swf	Hurry-Ji.mp4		jí​		
17	464	ROOM	FANG	room(fang).swf	room(fang)_rev.mp4		​fáng​		
17	465	LADDER	TI	Ladder - Ti.swf	Ladder-Ti.mp4		​tī​		
17	466	LIFT (ELEVATOR)	DIAN TI	LIFT(ELEVATOR)(dian ti).swf	LIFT(ELEVATOR)(dian ti)_rev_1-NOSOUND.mp4		diàn ​tī​		
17	467	MEDICINE	YAO	medicine(yao).swf	medicine(yao)_rev.mp4		yào​		
17	468	PHARMACY	YI YAO FANG	Pharmacy - Yi yao fang.swf	Pharmacy-Yi_yao_fang.mp4		yī​ yào​ fáng​		
17	469	CLINIC	ZHENG LIAO SUO	Clinic - zheng liao suo.swf	Clinic-zheng_liao_suo.mp4		zhěng​ liáo​ suǒ​		
17	470	MEDICINE	YAO	medicine(yao).swf	Medicine-yao.mp4		yào​		
17	471	FLOWER	HUA 	Flower(hua).swf	Flower(hua)_rev.mp4		huā​		
17	472	GARDEN	YUAN	garden(yuan).swf	garden(yuan)_rev_1-no-Sound.mp4		yuán​		
17	473	GARDEN	HUA YUAN	Garden - huayuan.swf	Garden-huayuan.mp4		huā​yuán​		
17	474	TIME, WHEN	SHI	Time_moment_Shi2 Hou4.swf	time_ when(shi)_rev.mp4		​shì​		
17	475	TIME 	SHI JIAN	Time - shijian.swf	Time-shi_jian.mp4		shí ​jiān​		
17	476	FLORIST (SHOP)	HUA DIAN	Florist (Shop) hua dian.swf	Florist(Shop)-hua_dian.mp4		huā ​diàn​		
18	478	NEW	XIN	New(xin).swf	New(xin)_rev.mp4		xīn​		
18	479	YEAR	NIAN	Year - Nian.swf	Year-_Nian.mp4		nián​		
18	480	NEW YEAR	XIN NIAN	New year - xin nian.swf	New_year-xin_nian.mp4		xīn​ nián​		
18	481	STAR	XING	Star - xing.swf	Star-xing.mp4		xīng​​		
18	482	MONDAY	XING QI YI	MONDAY(xing qi yi).swf	MONDAY(xing qi yi)_rev.mp4		xīng​ qī​ yī​		
18	483	TUESDAY	XING QI ER	Tuesday - xing qi er.swf	Tuesday-xing_qi_er.mp4		xīng​ qī​ èr​		
18	484	WEDNESDAY	XING QI SAN	Wednesday - xing qi san.swf	Wednesday-xing_qi_san.mp4		xīng​ qī​ sān​		
18	485	THURSDAY	XING QI SI	Thursday - xing qi si.swf	Thursday-xing_qi_si.mp4		xīng​ qī​ sì​		
18	486	FRIDAY	XING QI WU	Friday - xing qi wu.swf	Friday-xing_qi_wu.mp4		xīng​ qī​ wǔ​		
18	487	SATURDAY	XING QI LIU	Saturday - xing qi liu.swf	Saturday-xing_qi_liu.mp4		xīng​ qī​ liù​		
18	488	ZERO	LING	ZERO (ling)..swf	No-File		líng​		
18	489	ONE	YI	one(yi).swf	one(yi)_rev.mp4		yī​		
18	490	TWO	ER	TWO (er).swf	TWO(er)_rev.mp4		èr​		
18	491	THREE	SAN	THREE (san).swf	THREE(san)_rev_1-NOSOUND.mp4	three(san)-NOSOUND.mp4	sān​		
18	492	FOUR	SI	FOUR(si).swf	FOUR(si)_rev.mp4		sì​		
18	493	FIVE	WU	FIVE(w).swf	FIVE(w)_rev.mp4		wǔ​		
18	494	SIX	LIU	SIX(liu).swf	SIX(liu)_rev.mp4		liù​		
18	495	SEVEN	QI	SEVEN(qi).swf	SEVEN(qi)_rev.mp4		qī​		
18	496	EIGHT	BA	EIGHT(ba).swf	EIGHT(ba)_rev1.mp4		bā​		
18	497	NINE	JIU	NINE(jiu).swf	NINE(jiu)_rev.mp4		jiǔ​		
18	498	TEN	SHI	TEN(shi).swf	TEN(shi)_rev_1-NOSOUND.mp4		shí​		
18	499	ELEVEN	SHI YI	Eleven - shi yi.swf	Eleven-shi_yi.mp4		shí​ yī​		
18	500	TWELVE	SHI ER	Twelve - Shi er.swf	Twelve-Shi_er.mp4		yī​ dǎ​		
19	502	TWENTY	ER SHI	Twenty - er shi.swf	Twenty-er_shi.mp4		èr​ shí​ 		
19	503	THIRTY	SAN SHI	Thirty - san shi.swf	Thirty-san_shi.mp4		sān​ shí​ 		
19	504	FORTY	SI SHI	Forty - si shi.swf	Forty-si_shi.mp4		sì​ shí​ 		
19	505	FIFTY	WU SHI	Fifty - wu shi.swf	Fifty-wu_shi.mp4		wǔ​ shí​ 		
19	506	SIXTY	LIU SHI	Sixty - liu shi.swf	Sixty-liu_shi.mp4		liù​ shí​ 		
19	507	SEVENTY	QI SHI	Seventy - qi shi.swf	Seventy-qi_shi.mp4		qī​ shí​ 		
19	508	EIGHTY	BA SHI	Eighty - ba shi.swf	Eighty-ba_shi.mp4		bā​ shí​ 		
19	509	NINETY	JIU SHI	Ninety - jiu shi.swf	Ninety-jiu_shi.mp4		jiǔ​ shí​ 		
19	510	HUNDRED	BAI 	HUNDRED(bai).swf	HUNDRED(bai)_rev.mp4		bǎi​		
19	511	THOUSAND	QIAN	THOUSAND(qian).swf	THOUSAND(qian)_rev_1-NOSOUND.mp4		qiān​		
19	512	TEN THOUSAND	WAN	TEN_THOUSAND (wan).swf	TEN_THOUSAND (wan).mp4		wàn​		
19	513	HAVE	YOU	Have_You3_rev.swf	Have_You3_rev.mp4		yǒu		
19	514	AND	HE	AND (HE).swf	And_Her_rev.mp4		hé		
19	515	HANDLE	BA 	Handle_Ba3_rev1.swf	Handle_Ba3_rev1.mp4		bǎ		
19	516	USE	YONG	Use_Yong_rev.swf	Use_Yong4-NOSOUND.mp4		yòng		
19	517	EVERY	MEI	Every_Mei3_rev.swf	Every_Mei3_rev.mp4		měi		
19	518	HE	TA	He_Ta1.swf	He_Ta1.mp4		tā		
19	519	COUNT OR NUMBER	SHU	Count_or_Number_Shu3.swf	Count_or_Number_Shu3.mp4		shǔ		
19	520	UNDERNEATH	XIA MIAN	Underneath - xia mian.swf	Underneath_Xia4_Mian4_rev.mp4		xià mian		
19	521	JUST	JIU	Just_Jiu4_rev.swf	Just_Jiu4_rev.mp4		jiù		
19	522	A FEW	JI	A few - Ji.swf	A_few-Ji.mp4		Ji3		
19	523	SKY	TIAN	Sky_Tian1_rev.swf	Sky_Tian1_rev.mp4		tiān		
19	524	RICEGRAIN OR METER	MI	Ricegrain_or_Meter_Mi3_rev.swf	Ricegrain_or_Meter_Mi3_rev.mp4		mǐ		
19	525	HAVE TO, MUST	DEI	Have_to_must_Dei3_rev1.swf	Have_to_must_Dei3_rev1.mp4		děi		
19	526	STILL	HAI	Still_Hai2_rev.swf	Still_Hai2_rev.mp4		hái		
19	527	EACH	GE	Each_Ge4_rev.swf	Each_Ge4_rev1.mp4		gè		
19	528	WE 	WO MEN	We (wo men).swf	We (wo men).mp4		Wo3 Men2		
19	529	ALSO	YE	ALSO (YE).swf	also_Ye3_rev.mp4		yě		
20	531	ONCE AGAIN	YOU	Once_again_You4_rev.swf	Once_again_You4_rev.mp4		yòu		
20	532	COMPARE	BI	Comparison_Bi3_rev.swf	Comparison_Bi3_rev.mp4		Bi3		
20	533	IT	TA	It_Ta1_rev.swf	It_Ta1_rev.mp4		tā		
20	534	TO PLANT, GROW, CULTIVATE	ZHONG	To plant - zhong.swf	To_plant-zhong.mp4		zhòng		
20	535	ALL	DOU	ALL (DOU).swf	All_Dou1_rev.mp4		dōu		
20	536	SHARE, DIVIDE	FEN	Share'Divide_Fen1.swf	Share_Divide_Fen1-NOSOUND.mp4		fēn		
20	537	LONG	CHANG	Long_Chang2_rev.swf	Long_Chang2_rev.mp4		cháng		
20	538	FOR 	WEI	For_Wei4_rev.swf	For_Wei4_rev.mp4		wèi		
20	539	SOME	XIE	Some_Xie1.swf	Some_Xie1.mp4		xiē		
20	540	BASE ON	YI	base_on_Yi3_rev.swf	base_on_Yi3_rev.mp4		yǐ		
20	541	THINK	XIANG	think_Xiang3_rev.swf	think_Xiang3_rev.mp4		xiǎng		
20	542	added at the end of a sentence to convey mood, typically informal and relax.	LA 	Added at the end of a sentence to convey mood, typically informal and relax - La.swf	Added_at_the_end_of_a_sentence_to_convey_mood,_typically_informal_and_relax-La.mp4		La		
20	543	CALCULATE	JI SUAN	To calculate_jì suàn_rev.swf	To calculate_jì suàn_rev.mp4		jì suàn		
20	544	MANNER, APPEARANCE	YANG	manner_appearance_Yang4_rev.swf	manner_appearance_Yang4_rev.mp4		yàng		
20	545	IN WHAT MANNER, HOW, WHY	ZEN YANG	In what manner, how, why - zen yang.swf	In_what_manner,_how,_why-zen_yang.mp4		zěn yàng		
20	546	SUBJECT, TOPIC	KE WEN	Subject_topic_Ke4_Wen2.swf	Subject_topic_Ke4_Wen2_rev.mp4		kè wén		
20	547	UNIT OF MONEY, DOLLAR	YUAN	Unit of money dollar Yuan.swf	Unit_of_money_dollar_Yuan2-NOSOUND.mp4		yuán		
20	548	MEASURE WORD FOR LONG/ THIN THINGS	TIAO	measure_word_for_long_thin_things_Tiao2.swf	measure_word_for_long_thin_things_Tiao2_rev.mp4		tiáo		
20	549	HOUR	XIAO SHI	Hour - xiao shi.swf	Hour-xiao_shi.mp4		xiǎo shí		
20	550	MEASURE WORD FOR ANIMALS	ZHI	Measure_word_eg_For_animals_Zhi1.swf	Measure_word_eg_For_animals_Zhi1_rev.mp4		zhī		
20	551	TOWARDS	XIANG	Towards - Xiang.swf	Towards-Xiang.mp4		xiàng		
20	552	TOPIC	TI 	Topic - ti .swf	Topic-ti.mp4		tí		
20	553	added at the end of a clause to express mood, typically surprised	YA	Added at the end of a clause to express mood, typically surprised - Ya.swf	Added_at_the_end_of_a_clause_to_express_mood,_typically_surprised-Ya.mp4		Ya		
20	554	TO CROSS	GUO	cross_Guo4.swf	cross_Guo4_rev.mp4		guò		
20	555	GET UP, RISE	QI LAI	Get_up_rise_Qi3_Lai2.swf	Get_up_rise_Qi3_Lai2_rev.mp4		qǐ lai		
20	556	COUNTER FOR NUMBER OF TIMES	CI	Counter for number of times - Ci.swf	Counter_for_number_of_times-Ci.mp4		cì		
20	557	SHE	TA	She_Ta1.swf	She_Ta1.mp4		tā		
20	558	PRACTICE	LIAN XI	Practice - lian xi.swf	Practice-lian_xi.mp4		liàn xí		
20	559	SIDE	BIAN	Side_Bian1.swf	side_bian1_rev.mp4		biān		
21	561	READ	DU	Read_Du2.swf	Read_Du2_rev.mp4		dú		
21	562	POSITION	WEI	Position - Wei.swf	Position-Wei.mp4		wèi		
21	563	SELF	ZI JI	Self - zi ji.swf	Self-zi_ji.mp4		zì jǐ		
21	564	MOST	ZUI	Most - zui.swf	Most-zui.mp4		zuì		
21	565	TIMES, MULTIPLE	BEI	Times, multiple - bei,swf	Times,_multiple-bei.mp4		bèi		
21	566	TON (WEIGHT)	DUN	Ton(weight)_Dun4_rev.swf	Ton(weight)_Dun4_rev.mp4		dūn		
21	567	CENTIMETRE	LI MI	Centimetre - limi.swf	Centimetre-limi.mp4		lí mǐ		
21	568	EXAMPLE	LI	Example_Li4.swf	Example_Li4_rev.mp4		lì		
21	569	AVERAGE	PING JUN	Average - ping jun.swf	Average-ping_jun.mp4		píng jūn 		
21	570	FIRST, FOREMOST	XIAN 	First, Foremost - xian.swf	First,_Foremost-xian1.mp4		xīan 		
21	571	DON'T HAVE	MEI YOU	Don't have - mei you.swf	Don_t_have-mei_you.mp4		méi yǒu		
21	572	FIRST (NUMERICALLY)	DI YI	First_(numerically)_Di4 Yi1.swf	First_(numerically)_Di4 Yi1_rev.mp4		dì yī		
21	573	LISTEN	TING	Listen_Ting1.swf	Listen_Ting1_rev.mp4		Tīng		
21	574	SECTION	DUAN	Section - duan.swf	Section-duan.mp4		duàn		
21	575	GROUP, TEAM	ZU 	Group_team_Zu3.swf	Group_team_Zu3_rev.mp4		zǔ 		
21	576	OF	ZHI	Of_Zhi1_rev.swf	Of_Zhi1_rev.mp4		Zhī 		
21	577	TEACHER	LAO SHI	Teacher_Lao3_Shi1_rev.swf	Teacher_Lao3_Shi1_rev.mp4		lǎo shī   		
21	578	WHY	WEI SHEN ME	Why - wei shen me.swf	Why-wei_shen_me.mp4		Weì shén mè		
21	579	CLASSMATE	TONG XUE	Classmate_Tong2_Xue2_rev1.swf	Classmate_Tong2_Xue2_rev1.mp4		Tóng xué  		
21	580	SURFACE AREA	MIAN JI	Anim_Surface_Area_Mian4_Ji1_rev.swf	Anim_Surface_Area_Mian4_Ji1_rev.mp4		miàn jī  		
21	581	CALL	JIAO	Call_Jiào.swf	Call_Jiào.mp4		Jiào 		
21	582	WATER	SHUI	Water (Shui).swf	Water_Shui3-NOSOUND.mp4		shuǐ 		
21	583	OR	HUO	Or - huo.swf	Or-huo.mp4		huò     		
21	584	QUESTION PARTICLE	HE	Question_particle_Ne1_rev.swf	Question_particle_Ne1_rev.mp4		he		
21	585	DRAW	HUA	Draw - hua.swf	Draw-hua.mp4		huà		
21	586	BEG	QIU	Beg_Qiu.swf	Beg_Qiu2_rev.mp4		qiú 		
21	587	PIECE OR BLOCK	KUAI	Piece_or_Block_Kuai4_rev.swf	Piece_or_Block_Kuai4_rev.mp4		kuài		
21	588	COUNTER UNIT FOR PLANTS	KE  	Counter_unit_for_plants _Ke1_rev.swf	Counter_unit_for_plants _Ke1_rev1.mp4		kē		
22	590	SONG	GE QU	Song_Ge1_Qu3_rev.swf	Song_Ge1_Qu3_rev.mp4		gē qǔ   		
22	591	EXPRESS, CONVEY	BIAO SHI	Express, Convey - biao shi.swf	Express,_Convey-biao_shi.mp4		biǎo shì 		
22	592	ALL	QUAN	ALL (QUAN).swf	All_Quan2_rev.mp4		quán 		
22	593	AND	BING	AND (BING).swf	And_Bing4_rev.mp4		bìng		
22	594	Emphasize something is precisely or exactly as stated	JIU SHI	Anim_Emphasize_something_Jiu4 Shi4R_rev.swf	Anim_Emphasize_something_Jiu4 Shi4R_rev.mp4		jìu shì 		
22	595	FAST	KUAI	Fast_Kuai4_rev.swf	Fast_Kuai4_rev.mp4		kuài		
22	596	MELODY	QU 	Melody - qu.swf	Melody-qu.mp4		qǔ   		
22	597	TOGETHER	GONG	Together Gong.swf	Together_Gong4_rev_1-NOSOUND.mp4		gòng		
22	598	TIME, MOMENT	SHI HOU	Time_moment_Shi2 Hou4.swf	NO FILE		shí hòu		
22	599	RISE UP	QI	Rise_up_Qi3_rev.swf	Rise_up_Qi3_rev.mp4		qǐ 		
22	600	A (GRADING, SCORE)	JIAO	A GRADE (JIA).swf	Anim_A(grading_score_Jia3_rev.mp4		jiǎ 		
22	601	WHO	SHUI	Who - Shui.swf	Who-Shui.mp4		shuí 		
22	602	BY	BEI	By_Bei4_rev.swf	By_Bei4_rev.mp4		bèi  		
22	603	B (GRADING, SCORE)	YI	B GRADE (YI).swf	B_(grading_score)_Yi3_rev2.mp4		yǐ 		
22	604	MOVE, TRANSPORT	YUN	Move, transport - Yun.swf	Move,_transport-Yun.mp4		yùn 		
22	605	CLASS (IN A SCHOOL)	BAN	Class(in_school)_Ban1_rev.swf	Class(in_school)_Ban1_rev.mp4		bān 		
22	606	WITH	YU	With_Yu3.swf	With_Yu3-NOSOUND.mp4		yǔ		
22	607	THEY (ANIMALS, OR INANIMATE OBJECTS)	TA MEN	They (Animals, inanimate objects) - ta men.swf	They(Animals,_inanimate_objects)-ta_men.mp4		tā mén		
22	608	IF	RU GUO	If_Ru2_Guo3_rev1.swf	If_Ru2_Guo3_rev1.mp4		rú gǔo		
22	609	ENTER	JIN	Anim_Enter_Jing4_rev.swf	Anim_Enter_Jing4_rev.mp4		jìn		
22	610	METHOD	FANG FA	Method - fang fa.swf	Method-fang_fa.mp4		fāng fǎ 		
22	611	PUT	FANG  	Put_Fang4_rev.swf	Put_Fang4_rev.mp4		fǎng		
22	612	PART	BU FEN	Part_segment_Bu4_Fen4_rev.swf	Part_segment_Bu4_Fen4_rev.mp4		bù fèn 		
23	614	SOUND	SHENG  	Sound - Sheng.swf	Sound-Sheng.mp4		Shēng 		
23	615	REQUEST	YAO QIU	Request_Yao1 Qiu2_rev.swf	Request_Yao1 Qiu2_rev.mp4		yāo qiú		
23	616	MARKS (IN EXAM PAPER)	FEN SHU	Marks (in exam paper) = fen shu.swf	Marks(in_exam_paper)-fen_shu.mp4		fēn shù 		
23	617	BE	DANG	Be_Dang1_rev.swf	Be_Dang1_rev.mp4		Dāng		
23	618	REMOVE	CHU	Remove_Chu2_rev.swf	Remove_Chu2_rev.mp4		chú		
23	619	ALTOGETHER, TOTAL	YI GONG	Altogether, Total - Yi gong.swf	Altogether,_Total-Yi_gong.mp4		YÍ Gòng		
23	620	ALREADY	YI JING	ALREADY (YI).swf	already_yl1_rev.mp4		Yĭ Jīng		
23	621	COUNTER WORD FOR THINGS, CLOTHES, ITEM	JIAN	Counter_for_thingsJian4.swf	Counter_for_thingsJian4.mp4		jiàn		
23	622	EVERYONE	DA JIA	Everyone_Da4_Jia1_rev.swf	Everyone_Da4_Jia1_rev.mp4		dà jiā 		
23	623	WAIT	DENG	Wait_Deng3.swf	Wait_Deng3-NOSOUND.mp4		děng 		
23	624	LEARN	XUE XI	Learn(xue)_rev2.swf	Learn(xue)_rev2.mp4		xué xí 		
23	625	MATTER, ISSUE	SHI	Matter_Issue_Shi4_rev.swf	Matter_Issue_Shi4_rev.mp4		shì 		
23	626	AND, FURTHERMORE	ER	AND, FURTHERMORE (ER).swf	And_Furthermore_Er2.mp4		ér		
23	627	HOW	ZEN ME	How_Ze3_Me4_rev.swf	How_Ze3_Me4_rev.mp4		zěn mè 		
23	628	FORM OF TRADE	SHANG	Form_of_trade_Shang1_rev.swf	Form_of_trade_Shang1_rev.mp4		shāng		
23	629	DOT	DIAN	Dot - dian.swf	Dot-dian.mp4		diǎn		
23	630	DIFFERENT	BU TONG	Different_Bu4 Tong2_rev.swf	Different_Bu4 Tong2_rev.mp4		bù tóng		
23	631	NEGATIVE PREFIX FOR VERB	MEI	Negative_prefix_for_verb_Mei2_rev1.swf	Negative_prefix_for_verb_Mei2_rev1.mp4		méi  		
23	632	WAY, PATH	DAO	Way path (Dao).swf	Way_path_Dao4-NOSOUND.mp4		dào		
23	633	SING	CHANG	Sing - chang.swf	Sing-chang.mp4		chàng		
23	634	WITH	YU	With Yu.swf	With_Yu3-NOSOUND.mp4		Yŭ		
23	635	FINISH	WAN	Finish - Wan.swf	Finish-Wan.mp4		Wán		
23	636	RUN	PAO	Run - pao.swf	Run-pao.mp4		pǎo 		
23	637	ANGLE, CORNER	JIAO	Angle, Corner - jiao.swf	Angle,_Corner-jiao.mp4		jiǎo		
23	638	CLASS	KE 	Class_Ke4_rev.swf	Class_Ke4_rev.mp4		kè  		
23	639	JUST (USED BEFORE A VERB)	CAI	Just (used before a verb) - cai.swf	Just(used_before_a_verb)-cai.mp4		Cái		
24	641	RIDE (A CAR, TRAIN)	CHENG	Ride(a_car_train)_Cheng2_rev.swf	Ride(a_car_train)_Cheng2_rev.mp4		chéng		
24	642	REPAIR	XIU	Repair_Xiu1_rev.swf	Repair_Xiu1_rev.mp4		xiū 		
24	643	QUESTION	WEN TI	Question - Wen ti.swf	Question-Wen_ti1-NOSOUND.mp4		Wèn Tĺ		
24	644	ANSWER	DA	ANSWER (DA).swf	Answer_Da2_rev.mp4		dá		
24	645	ADD	JIA	ADD (JIA).swf	Add _Jia1_rev.mp4		jiā		
24	646	DECIMAL VALUE	XIAO SHU	Decimal Value - xiao shu.swf	Decimal_Value-xiao_shu.mp4		xiǎo shù		
24	647	PLACE, LOCATION	DI FANG	Place, Location - Di Fang.swf	Place,_Location-Di_Fang.mp4		Dì Fāng		
24	648	MEANING	YI SI	Meaning - Yi si.swf	Meaning-Yi_si.mp4		yì sì		
24	649	ROAD, PATH	LU	Road_path_Lu4_rev.swf	Road_path_Lu4_rev.mp4		lù		
24	650	COMPLETE (A TASK)	WAN CHENG	Complete (a task) - Wan Cheng.swf	Complete(a_task)-Wan_Cheng.mp4		Wán Chéng		
24	651	ACCORDING (TO)	GEN JU	According (to) - gen ju.swf	According(to)-gen_ju1.mp4		gēn jù		
24	652	EVEN	LIAN	Even_Lian2_rev.swf	Even_Lian2_rev.mp4		lián		
24	653	EVALUATE, THINK	SI KAO	Evaluate_think_Si_Kao3_rev.swf	Evaluate_think_Si_Kao3_rev1.mp4		sī kǎo		
24	654	HEAVY	ZHONG	Heavy_Zhong4_rev.swf	Heavy_Zhong4_rev.mp4		zhòng		
24	655	OBSERVE	GUAN CHA	Observe - Guan cha.swf	Observe-Guan_cha.mp4		guān chá		
24	656	BECOME	CHENG	Become - cheng.swf	Become-cheng.mp4		chéng		
24	657	CONTENT	NEI RONG	Content - Nei Rong.swf	Content-Nei_Rong.mp4		Nèi Róng		
24	658	SUN	TAI YANG	Sun - tai yang.swf	Sun-tai_yang.mp4		tài yáng 		
24	659	TREE	SHU	Tree_Shu4_rev.swf	Tree_Shu4_rev.mp4		shù 		
24	660	REAL	ZHEN	Real - Zhen.swf	Real-Zhen.mp4		Zhēn		
24	661	KNOW	ZHI DAO	Know - zhi dao.swf	Know-zhi_dao.mp4		zhī dào 		
24	662	BASE ON, ACCORDING TO	ZHAO	Base on, according to - zhao.swf	Base_on,_according_to-zhao.mp4		Zhào		
24	663	UNIT FOR VEHICLES	LIANG	Unit for vehicles - Liang.swf	Unit_for_vehicles-Liang.mp4		Liàng		
24	664	UNIT FOR APARTMENTS	DAN WEI	Unit for Apartments - dan wei.swf	Unit_for_Apartments-dan_wei1.mp4		dān wèi		
24	665	MONTH, MOON	YUE	Month, moon - yue.swf	Month,_moon-yue.mp4		Yuè		
24	666	LIFE	SHENG HUO	Life - sheng huo.swf	Life-sheng_huo.mp4		shēng huó		
24	667	SENTENCE	JU ZI	Sentence - Ju zi.swf	Sentence-Ju_zi.mp4		Jù Zǐ		
24	668	PRACTICE, DRILL	XUN LIAN	Practice_drill_Xun4_Lian4.swf	Practice_drill_Xun4_Lian4_rev.mp4		xùn liàn		
25	670	COMPARE, MORE	BI JIAO	Compare, more - bi jao.swf	Compare,_more-bi_jao.mp4		bǐ jiào		
25	671	THE PEOPLE, CITIZENS	REN MIN	The people, citizens - ren min.swf	The_people,_citizens-ren_min1.mp4		rén mín 		
25	672	CHANGES	BIAN HUA	Changes - bian hua.swf	Changes-bian_hua.mp4		biàn huà		
25	673	COMPOSITE	ZONG HE	Composite Zhong.swf	Composite Zhong.mp4		zōng hé		
25	674	A SHARE	FEN  	A_share_Fen4.swf	A_share_Fen4.mp4		Fèn		
25	675	EQUATION, FORMULA	SUAN SHI	Equation_formula_Suan4_Shi4_rev.swf	Equation_formula_Suan4_Shi4_rev.mp4		suàn shì		
25	676	NOW, IMMEDIATE	XIAN ZAI	Now, Immediate - Xian Zai.swf	Now,_Immediate-Xian_Zai.mp4		Xiàn Zài		
25	677	HOMEWORK, SCHOOL ASSIGNMENT	ZUO YE	Homework, School Assignment - Zuo Ye.swf	Homework,_School_Assignment-Zuo_Ye1.mp4		Zuò Yè		
25	678	CALCULATE	SUAN  	Calculate_suàn_rev.swf	Calculate_suàn_rev.mp4		suàn 		
25	679	EXPERIMENT	SHI YAN	Experiment - shi yan.swf	Experiment-shi_yan.mp4		shí yàn		
25	680	ACTUAL, REALISTIC	SHI JI	ACTUAL, REALISTIC (SHI JI).swf	Actual, Realistic_Shi4 Ji4.mp4		shì jì		
25	681	EVERYONE, THE PEOPLE	REN MEN	Everyone, the people - ren men.swf	Everyone,_the_people-ren_men.mp4		Rén Mén		
25	682	SAW	KAN DAO	Saw - kan dao.swf	Saw-kan_dao.mp4		kàn dào 		
25	683	YOU (POLITE AND FORMAL)	NING	YOU are hiding in the liNING of my coat! YOU (polite/formal version)	You(polite_and_formal)-Ning.mp4		Níng		
25	684	SUCK	XI 	Suck_Xi1_rev.swf	Suck_Xi1_rev.mp4		xī   		
25	685	LOVE	AI	Love_Ai4_rev.swf	Love_Ai4_rev.mp4		aì		
25	686	ALWAYS	ZONG	Anim Always Zong.swf	Anim Always Zong.mp4		zǒng		
25	687	INNER	NEI	Inner_Nei4_rev.swf	Inner_Nei4_rev.mp4		nèi 		
25	688	CANNOT, OR UNABLE	BU NENG	Cannot or Unable Bù Néng.swf	Cannot_or_Unable_Bù Néng.mp4		bù néng		
25	689	WIDE, SPACIOUS	KUAN	Wide spacious Kuan.swf	Wide_spacious_Kuan1-NOSOUND.mp4		kuān		
26	691	CLASSMATES	TONG XUE MEN	Classmate_Tong2_Xue2_rev1.swf	Classmate_Tong2_Xue2_rev1.mp4		Tóng Xué Men		
26	692	SEQUENCE	SHUN XU	Sequence_Shun4_Xu4.swf	Sequence_Shun4_Xu4-NOSOUND.mp4		shùn xù		
26	693	ENEMY	DI REN	Enemy_Di2 Ren2_rev.swf	Enemy_Di2 Ren2_rev.mp4		dí rén		
26	694	TAKE	NA	Take - na.swf	Take-na.mp4		ná		
26	695	TAKE NOTE OF	ZHU YI	Take_note_of_Zhu4_Yi4_rev.swf	Take_note_of_Zhu4_Yi4_rev.mp4		zhù yì		
26	696	AFTER THAT	RAN HOU	After that - ran hou.swf	After_that-ran_hou.mp4		rán hòu		
26	697	VIDEO	SHIPIN	Video - shipin.swf	Video-shipin.mp4		shì​pín​		
26	698	BIKINI	BIJINI	Bikini - bijini.swf	Bikini-bijini.mp4		bǐ​jī​ní​		
26	699	TO READ, READING	YUEDU	To read, reading - yuedu.swf	To_read,_reading-yuedu.mp4		yuè​dú​		 
26	700	to inspect  / ro review  / to read  / to peruse  / to go through  / to experience	YUE	To inspect, to review, to read, to peruse, to go through, to experience - yue.swf	To_inspect,to_review,_to_read,_to_peruse,_to_go_through,_to_experience-yue1.mp4		yuè​		
26	701	POOR, HUMBLE, UNWORTHY, RADISH (OLD)	FEI	Poor, humble, unworthy, radish (old).swf	Poor,_humble,_unworthy,_radish(old).mp4		fěi​		
26	702	ALL, BOTH, ENTIRELY (DUE TO) EACH, EVEN, ALREADY	DOU  	ALL (DOU).swf	All_Dou1_rev.mp4		dōu​		